algorithm;timed out;problem instance;max degree;number of colors;number of disconnected components;number of nodes;number of uncontrollable nodes;target density;target unary tightness;true average density;true average unary tightness;NCCCs;simulated time (in ms);number of messages;total message size (in bytes);maximum message size (in bytes);induced treewidth;reported cost;true cost
ADOPT;0;graphColoring_1548891910024;1;3;2;3;0;0.4;0.0;0.3333333333333333;0.0;0;29;14;2184;456;0;0;0
DPOP;0;graphColoring_1548891910024;1;3;2;3;0;0.4;0.0;0.3333333333333333;0.0;0;21;8;1899;417;1;0;0
ADOPT;0;graphColoring_1548891910592;2;3;2;4;0;0.4;0.0;0.3333333333333333;0.0;0;25;32;4474;456;0;0;0
DPOP;0;graphColoring_1548891910592;2;3;2;4;0;0.4;0.0;0.3333333333333333;0.0;0;21;16;3804;417;1;0;0
ADOPT;0;graphColoring_1548891911167;3;3;2;5;0;0.4;0.0;0.4;0.0;0;30;82;9056;456;0;0;0
DPOP;0;graphColoring_1548891911167;3;3;2;5;0;0.4;0.0;0.4;0.0;0;24;28;7008;473;2;0;0
ADOPT;0;graphColoring_1548891911753;4;3;1;6;0;0.4;0.0;0.4;0.0;0;27;171;15386;456;0;0;0
DPOP;0;graphColoring_1548891911753;4;3;1;6;0;0.4;0.0;0.4;0.0;0;28;44;10815;475;2;0;0
ADOPT;0;graphColoring_1548891912416;4;3;1;7;0;0.4;0.0;0.38095238095238093;0.0;0;30;229;20520;456;0;0;0
DPOP;0;graphColoring_1548891912416;4;3;1;7;0;0.4;0.0;0.38095238095238093;0.0;0;29;57;14192;475;2;0;0
ADOPT;0;graphColoring_1548891913078;5;3;2;8;0;0.4;0.0;0.39285714285714285;0.0;0;33;823;47711;456;0;infinity;infinity
DPOP;0;graphColoring_1548891913078;5;3;2;8;0;0.4;0.0;0.39285714285714285;0.0;0;27;68;18230;726;3;infinity;infinity
ADOPT;0;graphColoring_1548891913874;5;3;1;9;0;0.4;0.0;0.3888888888888889;0.0;0;23;2197;103320;456;0;infinity;infinity
DPOP;0;graphColoring_1548891913874;5;3;1;9;0;0.4;0.0;0.3888888888888889;0.0;0;28;88;23444;726;3;infinity;infinity
ADOPT;0;graphColoring_1548891914766;6;3;1;10;0;0.4;0.0;0.4;0.0;0;32;1326;80371;456;0;0;0
DPOP;0;graphColoring_1548891914766;6;3;1;10;0;0.4;0.0;0.4;0.0;0;28;108;30578;1303;4;0;0
ADOPT;0;graphColoring_1548891915588;1;3;2;3;0;0.4;0.0;0.3333333333333333;0.0;0;21;14;2184;456;0;0;0
DPOP;0;graphColoring_1548891915588;1;3;2;3;0;0.4;0.0;0.3333333333333333;0.0;0;22;8;1899;417;1;0;0
ADOPT;0;graphColoring_1548891916153;1;3;2;4;0;0.4;0.0;0.3333333333333333;0.0;0;19;28;4368;456;0;0;0
DPOP;0;graphColoring_1548891916153;1;3;2;4;0;0.4;0.0;0.3333333333333333;0.0;0;16;16;3802;417;1;0;0
ADOPT;0;graphColoring_1548891916774;3;3;2;5;0;0.4;0.0;0.4;0.0;0;27;79;8985;456;0;0;0
DPOP;0;graphColoring_1548891916774;3;3;2;5;0;0.4;0.0;0.4;0.0;0;22;28;7008;475;2;0;0
ADOPT;0;graphColoring_1548891917382;4;3;2;6;0;0.4;0.0;0.4;0.0;0;33;139;13790;456;0;0;0
DPOP;0;graphColoring_1548891917382;4;3;2;6;0;0.4;0.0;0.4;0.0;0;22;40;10212;473;2;0;0
ADOPT;0;graphColoring_1548891918027;5;3;2;7;0;0.4;0.0;0.38095238095238093;0.0;0;23;199;18580;456;0;0;0
DPOP;0;graphColoring_1548891918027;5;3;2;7;0;0.4;0.0;0.38095238095238093;0.0;0;22;52;13414;475;2;0;0
ADOPT;0;graphColoring_1548891918663;6;3;1;8;0;0.4;0.0;0.39285714285714285;0.0;0;36;8694;314062;456;0;0;0
DPOP;0;graphColoring_1548891918663;6;3;1;8;0;0.4;0.0;0.39285714285714285;0.0;0;31;72;18640;475;2;0;0
ADOPT;0;graphColoring_1548891919695;4;3;1;9;0;0.4;0.0;0.3888888888888889;0.0;0;32;808;53853;456;0;0;0
DPOP;0;graphColoring_1548891919695;4;3;1;9;0;0.4;0.0;0.3888888888888889;0.0;0;31;88;24850;1449;4;0;0
ADOPT;0;graphColoring_1548891920491;5;3;1;10;0;0.4;0.0;0.4;0.0;-1;0;0;0;0;0;0;infinity
DPOP;0;graphColoring_1548891920491;5;3;1;10;0;0.4;0.0;0.4;0.0;0;28;109;33287;3046;5;0;0
ADOPT;0;graphColoring_1548891921333;1;3;2;3;0;0.4;0.0;0.3333333333333333;0.0;0;21;14;2184;456;0;0;0
DPOP;0;graphColoring_1548891921333;1;3;2;3;0;0.4;0.0;0.3333333333333333;0.0;0;24;8;1897;417;1;0;0
ADOPT;0;graphColoring_1548891921888;2;3;2;4;0;0.4;0.0;0.3333333333333333;0.0;0;21;32;4474;456;0;0;0
DPOP;0;graphColoring_1548891921888;2;3;2;4;0;0.4;0.0;0.3333333333333333;0.0;0;21;16;3806;417;1;0;0
ADOPT;0;graphColoring_1548891922481;3;3;2;5;0;0.4;0.0;0.4;0.0;0;25;82;9056;456;0;0;0
DPOP;0;graphColoring_1548891922481;3;3;2;5;0;0.4;0.0;0.4;0.0;0;28;28;7008;473;2;0;0
ADOPT;0;graphColoring_1548891923177;4;3;2;6;0;0.4;0.0;0.4;0.0;0;20;145;14128;456;0;0;0
DPOP;0;graphColoring_1548891923177;4;3;2;6;0;0.4;0.0;0.4;0.0;0;24;40;10208;473;2;0;0
ADOPT;0;graphColoring_1548891923823;4;3;2;7;0;0.4;0.0;0.38095238095238093;0.0;0;32;263;21355;456;0;0;0
DPOP;0;graphColoring_1548891923823;4;3;2;7;0;0.4;0.0;0.38095238095238093;0.0;0;22;52;13417;475;2;0;0
ADOPT;0;graphColoring_1548891924492;4;3;1;8;0;0.4;0.0;0.39285714285714285;0.0;0;31;423;31951;456;0;0;0
DPOP;0;graphColoring_1548891924492;4;3;1;8;0;0.4;0.0;0.39285714285714285;0.0;0;30;72;18745;475;2;0;0
ADOPT;0;graphColoring_1548891925276;5;3;1;9;0;0.4;0.0;0.3888888888888889;0.0;0;35;2156;113690;456;0;infinity;infinity
DPOP;0;graphColoring_1548891925276;5;3;1;9;0;0.4;0.0;0.3888888888888889;0.0;0;26;88;24385;1161;4;infinity;infinity
ADOPT;0;graphColoring_1548891926092;5;3;1;10;0;0.4;0.0;0.4;0.0;0;44;6214;266752;456;0;infinity;infinity
DPOP;0;graphColoring_1548891926092;5;3;1;10;0;0.4;0.0;0.4;0.0;0;30;109;28920;680;3;infinity;infinity
ADOPT;0;graphColoring_1548891927062;1;3;2;3;0;0.4;0.0;0.3333333333333333;0.0;0;19;14;2184;456;0;0;0
DPOP;0;graphColoring_1548891927062;1;3;2;3;0;0.4;0.0;0.3333333333333333;0.0;0;23;8;1899;417;1;0;0
ADOPT;0;graphColoring_1548891927643;2;3;2;4;0;0.4;0.0;0.3333333333333333;0.0;0;30;32;4474;456;0;0;0
DPOP;0;graphColoring_1548891927643;2;3;2;4;0;0.4;0.0;0.3333333333333333;0.0;0;21;16;3806;417;1;0;0
ADOPT;0;graphColoring_1548891928248;2;3;1;5;0;0.4;0.0;0.4;0.0;0;27;86;9735;456;0;0;0
DPOP;0;graphColoring_1548891928248;2;3;1;5;0;0.4;0.0;0.4;0.0;0;25;32;7606;417;1;0;0
ADOPT;0;graphColoring_1548891928878;3;3;1;6;0;0.4;0.0;0.4;0.0;0;21;158;15097;456;0;0;0
DPOP;0;graphColoring_1548891928878;3;3;1;6;0;0.4;0.0;0.4;0.0;0;26;45;10854;473;2;0;0
ADOPT;0;graphColoring_1548891929558;4;3;1;7;0;0.4;0.0;0.38095238095238093;0.0;0;41;8828;314640;456;0;0;0
DPOP;0;graphColoring_1548891929558;4;3;1;7;0;0.4;0.0;0.38095238095238093;0.0;0;26;56;14030;475;2;0;0
ADOPT;0;graphColoring_1548891930603;5;3;2;8;0;0.4;0.0;0.39285714285714285;0.0;0;30;433;32510;456;0;0;0
DPOP;0;graphColoring_1548891930603;5;3;2;8;0;0.4;0.0;0.39285714285714285;0.0;0;23;69;18121;678;3;0;0
ADOPT;0;graphColoring_1548891931297;5;3;1;9;0;0.4;0.0;0.3888888888888889;0.0;0;34;1251;74239;456;0;0;0
DPOP;0;graphColoring_1548891931297;5;3;1;9;0;0.4;0.0;0.3888888888888889;0.0;0;27;90;24124;726;3;0;0
ADOPT;0;graphColoring_1548891932110;6;3;1;10;0;0.4;0.0;0.4;0.0;0;34;1323;79841;456;0;0;0
DPOP;0;graphColoring_1548891932110;6;3;1;10;0;0.4;0.0;0.4;0.0;0;28;109;30285;1353;4;0;0
ADOPT;0;graphColoring_1548891932948;1;3;2;3;0;0.4;0.0;0.3333333333333333;0.0;0;29;14;2184;456;0;0;0
DPOP;0;graphColoring_1548891932948;1;3;2;3;0;0.4;0.0;0.3333333333333333;0.0;0;19;8;1899;417;1;0;0
ADOPT;0;graphColoring_1548891933582;2;3;2;4;0;0.4;0.0;0.3333333333333333;0.0;0;20;32;4474;456;0;0;0
DPOP;0;graphColoring_1548891933582;2;3;2;4;0;0.4;0.0;0.3333333333333333;0.0;0;21;16;3806;417;1;0;0
ADOPT;0;graphColoring_1548891934180;2;3;1;5;0;0.4;0.0;0.4;0.0;0;28;86;9735;456;0;0;0
DPOP;0;graphColoring_1548891934180;2;3;1;5;0;0.4;0.0;0.4;0.0;0;24;32;7608;417;1;0;0
ADOPT;0;graphColoring_1548891934854;4;3;2;6;0;0.4;0.0;0.4;0.0;0;21;136;13692;456;0;0;0
DPOP;0;graphColoring_1548891934854;4;3;2;6;0;0.4;0.0;0.4;0.0;0;22;40;10210;473;2;0;0
ADOPT;0;graphColoring_1548891935489;4;3;1;7;0;0.4;0.0;0.38095238095238093;0.0;0;28;266;22103;456;0;0;0
DPOP;0;graphColoring_1548891935489;4;3;1;7;0;0.4;0.0;0.38095238095238093;0.0;0;34;57;14074;475;2;0;0
ADOPT;0;graphColoring_1548891936165;5;3;1;8;0;0.4;0.0;0.39285714285714285;0.0;0;44;14001;500886;456;0;0;0
DPOP;0;graphColoring_1548891936165;5;3;1;8;0;0.4;0.0;0.39285714285714285;0.0;0;29;72;18524;475;2;0;0
ADOPT;0;graphColoring_1548891937440;5;3;1;9;0;0.4;0.0;0.3888888888888889;0.0;0;30;876;54534;456;0;0;0
DPOP;0;graphColoring_1548891937440;5;3;1;9;0;0.4;0.0;0.3888888888888889;0.0;0;29;88;23618;728;3;0;0
ADOPT;0;graphColoring_1548891938217;6;3;2;10;0;0.4;0.0;0.4;0.0;0;32;3141;158709;456;0;infinity;infinity
DPOP;0;graphColoring_1548891938217;6;3;2;10;0;0.4;0.0;0.4;0.0;0;24;104;29455;1161;4;infinity;infinity
ADOPT;0;graphColoring_1548891939073;1;3;2;3;0;0.4;0.0;0.3333333333333333;0.0;0;27;14;2184;456;0;0;0
DPOP;0;graphColoring_1548891939073;1;3;2;3;0;0.4;0.0;0.3333333333333333;0.0;0;23;8;1901;417;1;0;0
ADOPT;0;graphColoring_1548891939633;1;3;2;4;0;0.4;0.0;0.3333333333333333;0.0;0;21;28;4368;456;0;0;0
DPOP;0;graphColoring_1548891939633;1;3;2;4;0;0.4;0.0;0.3333333333333333;0.0;0;16;16;3798;417;1;0;0
ADOPT;0;graphColoring_1548891940252;3;3;2;5;0;0.4;0.0;0.4;0.0;0;27;80;8991;456;0;0;0
DPOP;0;graphColoring_1548891940252;3;3;2;5;0;0.4;0.0;0.4;0.0;0;24;28;7008;473;2;0;0
ADOPT;0;graphColoring_1548891940852;3;3;2;6;0;0.4;0.0;0.4;0.0;0;28;154;14753;456;0;0;0
DPOP;0;graphColoring_1548891940852;3;3;2;6;0;0.4;0.0;0.4;0.0;0;21;41;10249;475;2;0;0
ADOPT;0;graphColoring_1548891941482;5;3;2;7;0;0.4;0.0;0.38095238095238093;0.0;0;35;237;20337;456;0;0;0
DPOP;0;graphColoring_1548891941482;5;3;2;7;0;0.4;0.0;0.38095238095238093;0.0;0;24;52;13414;475;2;0;0
ADOPT;0;graphColoring_1548891942156;5;3;1;8;0;0.4;0.0;0.39285714285714285;0.0;0;33;390;30284;456;0;0;0
DPOP;0;graphColoring_1548891942156;5;3;1;8;0;0.4;0.0;0.39285714285714285;0.0;0;26;72;18753;680;3;0;0
ADOPT;0;graphColoring_1548891942880;5;3;1;9;0;0.4;0.0;0.3888888888888889;0.0;0;36;967;56701;456;0;0;0
DPOP;0;graphColoring_1548891942880;5;3;1;9;0;0.4;0.0;0.3888888888888889;0.0;0;27;88;23410;728;3;0;0
ADOPT;0;graphColoring_1548891943706;6;3;1;10;0;0.4;0.0;0.4;0.0;0;33;1473;84500;456;0;0;0
DPOP;0;graphColoring_1548891943706;6;3;1;10;0;0.4;0.0;0.4;0.0;0;27;110;29683;680;3;0;0
ADOPT;0;graphColoring_1548891944513;1;3;2;3;0;0.4;0.0;0.3333333333333333;0.0;0;21;14;2184;456;0;0;0
DPOP;0;graphColoring_1548891944513;1;3;2;3;0;0.4;0.0;0.3333333333333333;0.0;0;23;8;1897;417;1;0;0
ADOPT;0;graphColoring_1548891945076;2;3;2;4;0;0.4;0.0;0.3333333333333333;0.0;0;24;32;4474;456;0;0;0
DPOP;0;graphColoring_1548891945076;2;3;2;4;0;0.4;0.0;0.3333333333333333;0.0;0;22;16;3806;417;1;0;0
ADOPT;0;graphColoring_1548891945651;3;3;1;5;0;0.4;0.0;0.4;0.0;0;27;85;9614;456;0;0;0
DPOP;0;graphColoring_1548891945651;3;3;1;5;0;0.4;0.0;0.4;0.0;0;26;32;7617;417;1;0;0
ADOPT;0;graphColoring_1548891946251;4;3;1;6;0;0.4;0.0;0.4;0.0;0;28;150;14646;456;0;0;0
DPOP;0;graphColoring_1548891946251;4;3;1;6;0;0.4;0.0;0.4;0.0;0;29;44;10819;475;2;0;0
ADOPT;0;graphColoring_1548891946895;4;3;1;7;0;0.4;0.0;0.38095238095238093;0.0;0;32;255;21047;456;0;0;0
DPOP;0;graphColoring_1548891946895;4;3;1;7;0;0.4;0.0;0.38095238095238093;0.0;0;24;56;14014;475;2;0;0
ADOPT;0;graphColoring_1548891947545;5;3;2;8;0;0.4;0.0;0.39285714285714285;0.0;0;31;484;33789;456;0;0;0
DPOP;0;graphColoring_1548891947545;5;3;2;8;0;0.4;0.0;0.39285714285714285;0.0;0;26;68;18175;728;3;0;0
ADOPT;0;graphColoring_1548891948249;5;3;1;9;0;0.4;0.0;0.3888888888888889;0.0;0;40;1189;69340;456;0;infinity;infinity
DPOP;0;graphColoring_1548891948249;5;3;1;9;0;0.4;0.0;0.3888888888888889;0.0;0;30;88;24463;1449;4;infinity;infinity
ADOPT;0;graphColoring_1548891949027;6;3;1;10;0;0.4;0.0;0.4;0.0;0;38;1787;97889;456;0;0;0
DPOP;0;graphColoring_1548891949027;6;3;1;10;0;0.4;0.0;0.4;0.0;0;28;108;30064;1255;4;0;0
ADOPT;0;graphColoring_1548891949869;1;3;2;3;0;0.4;0.0;0.3333333333333333;0.0;0;25;14;2184;456;0;0;0
DPOP;0;graphColoring_1548891949869;1;3;2;3;0;0.4;0.0;0.3333333333333333;0.0;0;20;8;1897;417;1;0;0
ADOPT;0;graphColoring_1548891950434;1;3;2;4;0;0.4;0.0;0.3333333333333333;0.0;0;14;28;4368;456;0;0;0
DPOP;0;graphColoring_1548891950434;1;3;2;4;0;0.4;0.0;0.3333333333333333;0.0;0;16;16;3798;417;1;0;0
ADOPT;0;graphColoring_1548891951012;3;3;2;5;0;0.4;0.0;0.4;0.0;0;21;80;8991;456;0;0;0
DPOP;0;graphColoring_1548891951012;3;3;2;5;0;0.4;0.0;0.4;0.0;0;24;28;7010;475;2;0;0
ADOPT;0;graphColoring_1548891951625;3;3;1;6;0;0.4;0.0;0.4;0.0;0;27;141;14584;456;0;0;0
DPOP;0;graphColoring_1548891951625;3;3;1;6;0;0.4;0.0;0.4;0.0;0;25;44;10928;473;2;0;0
ADOPT;0;graphColoring_1548891952268;4;3;1;7;0;0.4;0.0;0.38095238095238093;0.0;0;27;220;20404;456;0;0;0
DPOP;0;graphColoring_1548891952268;4;3;1;7;0;0.4;0.0;0.38095238095238093;0.0;0;25;57;14308;475;2;0;0
ADOPT;0;graphColoring_1548891952984;5;3;1;8;0;0.4;0.0;0.39285714285714285;0.0;0;33;376;30376;456;0;0;0
DPOP;0;graphColoring_1548891952984;5;3;1;8;0;0.4;0.0;0.39285714285714285;0.0;0;28;72;18641;475;2;0;0
ADOPT;0;graphColoring_1548891953698;5;3;1;9;0;0.4;0.0;0.3888888888888889;0.0;0;35;1076;63764;456;0;0;0
DPOP;0;graphColoring_1548891953698;5;3;1;9;0;0.4;0.0;0.3888888888888889;0.0;0;28;88;24424;1351;4;0;0
ADOPT;0;graphColoring_1548891954498;5;3;1;10;0;0.4;0.0;0.4;0.0;0;38;2716;137061;456;0;infinity;infinity
DPOP;0;graphColoring_1548891954498;5;3;1;10;0;0.4;0.0;0.4;0.0;0;29;108;30138;728;3;infinity;infinity
ADOPT;0;graphColoring_1548891955372;1;3;2;3;0;0.4;0.0;0.3333333333333333;0.0;0;29;14;2184;456;0;0;0
DPOP;0;graphColoring_1548891955372;1;3;2;3;0;0.4;0.0;0.3333333333333333;0.0;0;26;8;1901;417;1;0;0
ADOPT;0;graphColoring_1548891955979;2;3;2;4;0;0.4;0.0;0.3333333333333333;0.0;0;30;32;4474;456;0;0;0
DPOP;0;graphColoring_1548891955979;2;3;2;4;0;0.4;0.0;0.3333333333333333;0.0;0;21;16;3806;417;1;0;0
ADOPT;0;graphColoring_1548891956604;3;3;1;5;0;0.4;0.0;0.4;0.0;0;26;85;9614;456;0;0;0
DPOP;0;graphColoring_1548891956604;3;3;1;5;0;0.4;0.0;0.4;0.0;0;27;32;7617;417;1;0;0
ADOPT;0;graphColoring_1548891957210;4;3;2;6;0;0.4;0.0;0.4;0.0;0;32;135;13690;456;0;0;0
DPOP;0;graphColoring_1548891957210;4;3;2;6;0;0.4;0.0;0.4;0.0;0;21;40;10212;475;2;0;0
ADOPT;0;graphColoring_1548891957853;5;3;1;7;0;0.4;0.0;0.38095238095238093;0.0;0;29;260;21360;456;0;0;0
DPOP;0;graphColoring_1548891957853;5;3;1;7;0;0.4;0.0;0.38095238095238093;0.0;0;26;56;14025;475;2;0;0
ADOPT;0;graphColoring_1548891958533;5;3;2;8;0;0.4;0.0;0.39285714285714285;0.0;0;26;364;29067;456;0;0;0
DPOP;0;graphColoring_1548891958533;5;3;2;8;0;0.4;0.0;0.39285714285714285;0.0;0;24;68;18252;680;3;0;0
ADOPT;0;graphColoring_1548891959265;5;3;1;9;0;0.4;0.0;0.3888888888888889;0.0;-1;0;0;0;0;0;0;infinity
DPOP;0;graphColoring_1548891959265;5;3;1;9;0;0.4;0.0;0.3888888888888889;0.0;0;27;88;24529;1449;4;0;0
ADOPT;0;graphColoring_1548891960020;7;3;1;10;0;0.4;0.0;0.4;0.0;0;32;1007;63342;456;0;0;0
DPOP;0;graphColoring_1548891960020;7;3;1;10;0;0.4;0.0;0.4;0.0;0;28;109;29751;728;3;0;0
ADOPT;0;graphColoring_1548891960841;1;3;2;3;0;0.4;0.0;0.3333333333333333;0.0;0;30;14;2184;456;0;0;0
DPOP;0;graphColoring_1548891960841;1;3;2;3;0;0.4;0.0;0.3333333333333333;0.0;0;23;8;1897;417;1;0;0
ADOPT;0;graphColoring_1548891961409;1;3;2;4;0;0.4;0.0;0.3333333333333333;0.0;0;18;28;4368;456;0;0;0
DPOP;0;graphColoring_1548891961409;1;3;2;4;0;0.4;0.0;0.3333333333333333;0.0;0;15;16;3800;417;1;0;0
ADOPT;0;graphColoring_1548891962003;2;3;1;5;0;0.4;0.0;0.4;0.0;0;23;92;10064;456;0;0;0
DPOP;0;graphColoring_1548891962003;2;3;1;5;0;0.4;0.0;0.4;0.0;0;26;36;7814;417;1;0;0
ADOPT;0;graphColoring_1548891962609;3;3;1;6;0;0.4;0.0;0.4;0.0;0;26;153;14896;456;0;0;0
DPOP;0;graphColoring_1548891962609;3;3;1;6;0;0.4;0.0;0.4;0.0;0;29;45;10854;475;2;0;0
ADOPT;0;graphColoring_1548891963256;5;3;1;7;0;0.4;0.0;0.38095238095238093;0.0;0;22;259;21004;456;0;0;0
DPOP;0;graphColoring_1548891963256;5;3;1;7;0;0.4;0.0;0.38095238095238093;0.0;0;32;56;14025;475;2;0;0
ADOPT;1;graphColoring_1548891963922;5;3;1;8;0;0.4;0.0;0.39285714285714285;0.0;9223372036854775807;9223372036854775807;2147483647;9223372036854775807;9223372036854775807;2147483647;NaN;NaN
DPOP;0;graphColoring_1548891963922;5;3;1;8;0;0.4;0.0;0.39285714285714285;0.0;0;26;72;18562;680;3;infinity;infinity
ADOPT;0;graphColoring_1548893789901;7;3;1;9;0;0.4;0.0;0.3888888888888889;0.0;0;32;752;48469;456;0;0;0
DPOP;0;graphColoring_1548893789901;7;3;1;9;0;0.4;0.0;0.3888888888888889;0.0;0;31;88;23294;726;3;0;0
ADOPT;0;graphColoring_1548893790701;7;3;2;10;0;0.4;0.0;0.4;0.0;0;34;2087;106153;456;0;infinity;infinity
DPOP;0;graphColoring_1548893790701;7;3;2;10;0;0.4;0.0;0.4;0.0;0;26;104;30199;1399;4;infinity;infinity
ADOPT;0;graphColoring_1548893791561;1;3;2;3;0;0.4;0.0;0.3333333333333333;0.0;0;19;14;2184;456;0;0;0
DPOP;0;graphColoring_1548893791561;1;3;2;3;0;0.4;0.0;0.3333333333333333;0.0;0;25;8;1897;417;1;0;0
ADOPT;0;graphColoring_1548893792120;2;3;2;4;0;0.4;0.0;0.3333333333333333;0.0;0;25;32;4474;456;0;0;0
DPOP;0;graphColoring_1548893792120;2;3;2;4;0;0.4;0.0;0.3333333333333333;0.0;0;23;16;3806;417;1;0;0
ADOPT;0;graphColoring_1548893792721;3;3;1;5;0;0.4;0.0;0.4;0.0;0;31;80;9466;456;0;0;0
DPOP;0;graphColoring_1548893792721;3;3;1;5;0;0.4;0.0;0.4;0.0;0;26;32;7617;417;1;0;0
ADOPT;0;graphColoring_1548893793348;4;3;1;6;0;0.4;0.0;0.4;0.0;0;21;169;15321;456;0;0;0
DPOP;0;graphColoring_1548893793348;4;3;1;6;0;0.4;0.0;0.4;0.0;0;25;44;10819;473;2;0;0
ADOPT;0;graphColoring_1548893794026;4;3;2;7;0;0.4;0.0;0.38095238095238093;0.0;0;21;222;19922;456;0;0;0
DPOP;0;graphColoring_1548893794026;4;3;2;7;0;0.4;0.0;0.38095238095238093;0.0;0;28;52;13421;475;2;0;0
ADOPT;0;graphColoring_1548893794706;4;3;1;8;0;0.4;0.0;0.39285714285714285;0.0;0;30;428;31928;456;0;0;0
DPOP;0;graphColoring_1548893794706;4;3;1;8;0;0.4;0.0;0.39285714285714285;0.0;0;29;74;18959;680;3;0;0
ADOPT;0;graphColoring_1548893795397;5;3;1;9;0;0.4;0.0;0.3888888888888889;0.0;0;37;1753;83486;456;0;infinity;infinity
DPOP;0;graphColoring_1548893795397;5;3;1;9;0;0.4;0.0;0.3888888888888889;0.0;0;27;88;23287;728;3;infinity;infinity
ADOPT;0;graphColoring_1548893796186;5;3;1;10;0;0.4;0.0;0.4;0.0;0;41;4341;212826;456;0;0;0
DPOP;0;graphColoring_1548893796186;5;3;1;10;0;0.4;0.0;0.4;0.0;0;27;108;30880;1257;4;0;0
ADOPT;0;graphColoring_1548893797176;1;3;2;3;0;0.4;0.0;0.3333333333333333;0.0;0;21;14;2184;456;0;0;0
DPOP;0;graphColoring_1548893797176;1;3;2;3;0;0.4;0.0;0.3333333333333333;0.0;0;23;8;1899;417;1;0;0
ADOPT;0;graphColoring_1548893797784;2;3;2;4;0;0.4;0.0;0.3333333333333333;0.0;0;26;32;4474;456;0;0;0
DPOP;0;graphColoring_1548893797784;2;3;2;4;0;0.4;0.0;0.3333333333333333;0.0;0;21;16;3806;417;1;0;0
ADOPT;0;graphColoring_1548893798369;2;3;2;5;0;0.4;0.0;0.4;0.0;0;28;94;9740;456;0;0;0
DPOP;0;graphColoring_1548893798369;2;3;2;5;0;0.4;0.0;0.4;0.0;0;23;31;7264;473;2;0;0
ADOPT;0;graphColoring_1548893799030;4;3;2;6;0;0.4;0.0;0.4;0.0;0;30;142;13880;456;0;0;0
DPOP;0;graphColoring_1548893799030;4;3;2;6;0;0.4;0.0;0.4;0.0;0;22;40;10208;473;2;0;0
ADOPT;0;graphColoring_1548893799678;4;3;1;7;0;0.4;0.0;0.38095238095238093;0.0;0;29;207;19649;456;0;0;0
DPOP;0;graphColoring_1548893799678;4;3;1;7;0;0.4;0.0;0.38095238095238093;0.0;0;25;56;14139;475;2;0;0
ADOPT;0;graphColoring_1548893800337;4;3;1;8;0;0.4;0.0;0.39285714285714285;0.0;0;32;648;40415;456;0;0;0
DPOP;0;graphColoring_1548893800337;4;3;1;8;0;0.4;0.0;0.39285714285714285;0.0;0;26;72;18636;475;2;0;0
ADOPT;0;graphColoring_1548893801061;6;3;1;9;0;0.4;0.0;0.3888888888888889;0.0;0;26;485;38567;456;0;0;0
DPOP;0;graphColoring_1548893801061;6;3;1;9;0;0.4;0.0;0.3888888888888889;0.0;0;29;88;23368;678;3;0;0
ADOPT;0;graphColoring_1548893801844;8;3;2;10;0;0.4;0.0;0.4;0.0;0;44;5010;227903;456;0;infinity;infinity
DPOP;0;graphColoring_1548893801844;8;3;2;10;0;0.4;0.0;0.4;0.0;0;25;104;28417;680;3;infinity;infinity
ADOPT;0;graphColoring_1548893802831;1;3;2;3;0;0.4;0.0;0.3333333333333333;0.0;0;19;14;2184;456;0;0;0
DPOP;0;graphColoring_1548893802831;1;3;2;3;0;0.4;0.0;0.3333333333333333;0.0;0;24;8;1899;417;1;0;0
ADOPT;0;graphColoring_1548893803419;2;3;2;4;0;0.4;0.0;0.3333333333333333;0.0;0;21;32;4474;456;0;0;0
DPOP;0;graphColoring_1548893803419;2;3;2;4;0;0.4;0.0;0.3333333333333333;0.0;0;20;16;3808;417;1;0;0
ADOPT;0;graphColoring_1548893804005;2;3;2;5;0;0.4;0.0;0.4;0.0;0;16;71;8790;456;0;0;0
DPOP;0;graphColoring_1548893804005;2;3;2;5;0;0.4;0.0;0.4;0.0;0;19;29;7043;475;2;0;0
ADOPT;0;graphColoring_1548893804626;3;3;1;6;0;0.4;0.0;0.4;0.0;0;27;153;15294;456;0;0;0
DPOP;0;graphColoring_1548893804626;3;3;1;6;0;0.4;0.0;0.4;0.0;0;24;45;11102;475;2;0;0
ADOPT;0;graphColoring_1548893805310;4;3;2;7;0;0.4;0.0;0.38095238095238093;0.0;0;32;196;19031;456;0;0;0
DPOP;0;graphColoring_1548893805310;4;3;2;7;0;0.4;0.0;0.38095238095238093;0.0;0;24;52;13528;475;2;0;0
ADOPT;0;graphColoring_1548893805976;5;3;1;8;0;0.4;0.0;0.39285714285714285;0.0;0;27;371;29159;456;0;0;0
DPOP;0;graphColoring_1548893805976;5;3;1;8;0;0.4;0.0;0.39285714285714285;0.0;0;32;73;18699;475;2;0;0
ADOPT;0;graphColoring_1548893806683;6;3;1;9;0;0.4;0.0;0.3888888888888889;0.0;0;34;1326;68820;456;0;infinity;infinity
DPOP;0;graphColoring_1548893806683;6;3;1;9;0;0.4;0.0;0.3888888888888889;0.0;0;33;88;23064;680;3;infinity;infinity
ADOPT;0;graphColoring_1548893807455;6;3;1;10;0;0.4;0.0;0.4;0.0;-1;0;0;0;0;0;0;infinity
DPOP;0;graphColoring_1548893807455;6;3;1;10;0;0.4;0.0;0.4;0.0;0;29;108;31908;1399;4;0;0
ADOPT;0;graphColoring_1548893808288;1;3;2;3;0;0.4;0.0;0.3333333333333333;0.0;0;22;14;2184;456;0;0;0
DPOP;0;graphColoring_1548893808288;1;3;2;3;0;0.4;0.0;0.3333333333333333;0.0;0;24;8;1899;417;1;0;0
ADOPT;0;graphColoring_1548893808912;2;3;2;4;0;0.4;0.0;0.3333333333333333;0.0;0;30;32;4474;456;0;0;0
DPOP;0;graphColoring_1548893808912;2;3;2;4;0;0.4;0.0;0.3333333333333333;0.0;0;21;16;3806;417;1;0;0
ADOPT;0;graphColoring_1548893809548;3;3;1;5;0;0.4;0.0;0.4;0.0;0;24;80;9466;456;0;0;0
DPOP;0;graphColoring_1548893809548;3;3;1;5;0;0.4;0.0;0.4;0.0;0;26;32;7611;417;1;0;0
ADOPT;0;graphColoring_1548893810174;3;3;2;6;0;0.4;0.0;0.4;0.0;0;27;151;14379;456;0;0;0
DPOP;0;graphColoring_1548893810174;3;3;2;6;0;0.4;0.0;0.4;0.0;0;23;41;10251;475;2;0;0
ADOPT;0;graphColoring_1548893810832;5;3;2;7;0;0.4;0.0;0.38095238095238093;0.0;0;22;237;19936;456;0;0;0
DPOP;0;graphColoring_1548893810832;5;3;2;7;0;0.4;0.0;0.38095238095238093;0.0;0;23;52;13414;475;2;0;0
ADOPT;0;graphColoring_1548893811490;4;3;1;8;0;0.4;0.0;0.39285714285714285;0.0;0;27;966;50609;456;0;0;0
DPOP;0;graphColoring_1548893811490;4;3;1;8;0;0.4;0.0;0.39285714285714285;0.0;0;26;73;18670;475;2;0;0
ADOPT;0;graphColoring_1548893812247;5;3;2;9;0;0.4;0.0;0.3888888888888889;0.0;0;37;1010;61265;456;0;0;0
DPOP;0;graphColoring_1548893812247;5;3;2;9;0;0.4;0.0;0.3888888888888889;0.0;0;26;84;23277;728;3;0;0
ADOPT;0;graphColoring_1548893813037;5;3;1;10;0;0.4;0.0;0.4;0.0;0;56;8740;382604;456;0;infinity;infinity
DPOP;0;graphColoring_1548893813037;5;3;1;10;0;0.4;0.0;0.4;0.0;0;28;109;29869;1015;4;infinity;infinity
ADOPT;0;graphColoring_1548893814099;1;3;2;3;0;0.4;0.0;0.3333333333333333;0.0;0;20;14;2184;456;0;0;0
DPOP;0;graphColoring_1548893814099;1;3;2;3;0;0.4;0.0;0.3333333333333333;0.0;0;24;8;1899;417;1;0;0
ADOPT;0;graphColoring_1548893814670;2;3;2;4;0;0.4;0.0;0.3333333333333333;0.0;0;25;32;4474;456;0;0;0
DPOP;0;graphColoring_1548893814670;2;3;2;4;0;0.4;0.0;0.3333333333333333;0.0;0;20;16;3808;417;1;0;0
ADOPT;0;graphColoring_1548893815328;3;3;1;5;0;0.4;0.0;0.4;0.0;0;30;80;9466;456;0;0;0
DPOP;0;graphColoring_1548893815328;3;3;1;5;0;0.4;0.0;0.4;0.0;0;28;32;7615;417;1;0;0
ADOPT;0;graphColoring_1548893815954;4;3;1;6;0;0.4;0.0;0.4;0.0;0;21;134;14174;456;0;0;0
DPOP;0;graphColoring_1548893815954;4;3;1;6;0;0.4;0.0;0.4;0.0;0;25;44;10823;475;2;0;0
ADOPT;0;graphColoring_1548893816588;4;3;1;7;0;0.4;0.0;0.38095238095238093;0.0;0;31;4068;153759;456;0;0;0
DPOP;0;graphColoring_1548893816588;4;3;1;7;0;0.4;0.0;0.38095238095238093;0.0;0;31;56;14026;473;2;0;0
ADOPT;0;graphColoring_1548893817443;5;3;1;8;0;0.4;0.0;0.39285714285714285;0.0;0;28;497;34022;456;0;0;0
DPOP;0;graphColoring_1548893817443;5;3;1;8;0;0.4;0.0;0.39285714285714285;0.0;0;26;72;18637;475;2;0;0
ADOPT;0;graphColoring_1548893818145;7;3;1;9;0;0.4;0.0;0.3888888888888889;0.0;0;22;1850;86075;456;0;infinity;infinity
DPOP;0;graphColoring_1548893818145;7;3;1;9;0;0.4;0.0;0.3888888888888889;0.0;0;28;88;23065;680;3;infinity;infinity
ADOPT;0;graphColoring_1548893819009;6;3;1;10;0;0.4;0.0;0.4;0.0;0;35;1194;72866;456;0;0;0
DPOP;0;graphColoring_1548893819009;6;3;1;10;0;0.4;0.0;0.4;0.0;0;28;108;29937;726;3;0;0
ADOPT;0;graphColoring_1548893819836;1;3;2;3;0;0.4;0.0;0.3333333333333333;0.0;0;29;14;2184;456;0;0;0
DPOP;0;graphColoring_1548893819836;1;3;2;3;0;0.4;0.0;0.3333333333333333;0.0;0;22;8;1901;417;1;0;0
ADOPT;0;graphColoring_1548893820381;2;3;2;4;0;0.4;0.0;0.3333333333333333;0.0;0;21;32;4474;456;0;0;0
DPOP;0;graphColoring_1548893820381;2;3;2;4;0;0.4;0.0;0.3333333333333333;0.0;0;20;16;3808;417;1;0;0
ADOPT;0;graphColoring_1548893821019;3;3;2;5;0;0.4;0.0;0.4;0.0;0;27;82;9056;456;0;0;0
DPOP;0;graphColoring_1548893821019;3;3;2;5;0;0.4;0.0;0.4;0.0;0;23;28;7012;475;2;0;0
ADOPT;0;graphColoring_1548893821629;4;3;1;6;0;0.4;0.0;0.4;0.0;0;27;134;14174;456;0;0;0
DPOP;0;graphColoring_1548893821629;4;3;1;6;0;0.4;0.0;0.4;0.0;0;26;44;10815;473;2;0;0
ADOPT;0;graphColoring_1548893822292;4;3;1;7;0;0.4;0.0;0.38095238095238093;0.0;0;30;517;31184;456;0;0;0
DPOP;0;graphColoring_1548893822292;4;3;1;7;0;0.4;0.0;0.38095238095238093;0.0;0;25;57;14302;475;2;0;0
ADOPT;0;graphColoring_1548893823063;7;3;1;8;0;0.4;0.0;0.39285714285714285;0.0;0;33;946;49900;456;0;0;0
DPOP;0;graphColoring_1548893823063;7;3;1;8;0;0.4;0.0;0.39285714285714285;0.0;0;27;72;18516;473;2;0;0
ADOPT;0;graphColoring_1548893823809;5;3;1;9;0;0.4;0.0;0.3888888888888889;0.0;0;32;592;43608;456;0;0;0
DPOP;0;graphColoring_1548893823809;5;3;1;9;0;0.4;0.0;0.3888888888888889;0.0;0;28;88;24025;728;3;0;0
ADOPT;0;graphColoring_1548893824550;6;3;1;10;0;0.4;0.0;0.4;0.0;0;35;1250;73939;456;0;infinity;infinity
DPOP;0;graphColoring_1548893824550;6;3;1;10;0;0.4;0.0;0.4;0.0;0;26;108;31004;1231;4;infinity;infinity
ADOPT;0;graphColoring_1548893825400;1;3;2;3;0;0.4;0.0;0.3333333333333333;0.0;0;21;14;2184;456;0;0;0
DPOP;0;graphColoring_1548893825400;1;3;2;3;0;0.4;0.0;0.3333333333333333;0.0;0;23;8;1899;417;1;0;0
ADOPT;0;graphColoring_1548893825959;2;3;2;4;0;0.4;0.0;0.3333333333333333;0.0;0;21;32;4474;456;0;0;0
DPOP;0;graphColoring_1548893825959;2;3;2;4;0;0.4;0.0;0.3333333333333333;0.0;0;22;16;3802;417;1;0;0
ADOPT;0;graphColoring_1548893826551;3;3;2;5;0;0.4;0.0;0.4;0.0;0;26;79;8985;456;0;0;0
DPOP;0;graphColoring_1548893826551;3;3;2;5;0;0.4;0.0;0.4;0.0;0;23;28;7008;473;2;0;0
ADOPT;0;graphColoring_1548893827187;3;3;1;6;0;0.4;0.0;0.4;0.0;0;21;150;14911;456;0;0;0
DPOP;0;graphColoring_1548893827187;3;3;1;6;0;0.4;0.0;0.4;0.0;0;29;45;10974;473;2;0;0
ADOPT;0;graphColoring_1548893827891;4;3;2;7;0;0.4;0.0;0.38095238095238093;0.0;0;30;259;20937;456;0;0;0
DPOP;0;graphColoring_1548893827891;4;3;2;7;0;0.4;0.0;0.38095238095238093;0.0;0;28;52;13407;475;2;0;0
ADOPT;0;graphColoring_1548893828580;4;3;1;8;0;0.4;0.0;0.39285714285714285;0.0;0;29;593;37648;456;0;0;0
DPOP;0;graphColoring_1548893828580;4;3;1;8;0;0.4;0.0;0.39285714285714285;0.0;0;28;72;18632;475;2;0;0
ADOPT;0;graphColoring_1548893829349;5;3;1;9;0;0.4;0.0;0.3888888888888889;0.0;0;29;760;50128;456;0;0;0
DPOP;0;graphColoring_1548893829349;5;3;1;9;0;0.4;0.0;0.3888888888888889;0.0;0;33;88;23690;728;3;0;0
ADOPT;0;graphColoring_1548893830109;5;3;1;10;0;0.4;0.0;0.4;0.0;0;30;2098;105604;456;0;0;0
DPOP;0;graphColoring_1548893830109;5;3;1;10;0;0.4;0.0;0.4;0.0;0;27;109;30016;1305;4;0;0
ADOPT;0;graphColoring_1548893830929;1;3;2;3;0;0.4;0.0;0.3333333333333333;0.0;0;21;14;2184;456;0;0;0
DPOP;0;graphColoring_1548893830929;1;3;2;3;0;0.4;0.0;0.3333333333333333;0.0;0;23;8;1899;417;1;0;0
ADOPT;0;graphColoring_1548893831496;1;3;2;4;0;0.4;0.0;0.3333333333333333;0.0;0;19;28;4368;456;0;0;0
DPOP;0;graphColoring_1548893831496;1;3;2;4;0;0.4;0.0;0.3333333333333333;0.0;0;15;16;3800;417;1;0;0
ADOPT;0;graphColoring_1548893832134;2;3;1;5;0;0.4;0.0;0.4;0.0;0;27;87;9853;456;0;0;0
DPOP;0;graphColoring_1548893832134;2;3;1;5;0;0.4;0.0;0.4;0.0;0;26;33;7658;417;1;0;0
ADOPT;0;graphColoring_1548893832741;4;3;1;6;0;0.4;0.0;0.4;0.0;0;30;132;14056;456;0;0;0
DPOP;0;graphColoring_1548893832741;4;3;1;6;0;0.4;0.0;0.4;0.0;0;24;44;10821;473;2;0;0
ADOPT;0;graphColoring_1548893833409;3;3;2;7;0;0.4;0.0;0.38095238095238093;0.0;0;28;265;21754;456;0;0;0
DPOP;0;graphColoring_1548893833409;3;3;2;7;0;0.4;0.0;0.38095238095238093;0.0;0;23;55;13666;475;2;0;0
ADOPT;0;graphColoring_1548893834104;4;3;1;8;0;0.4;0.0;0.39285714285714285;0.0;0;33;447;33787;456;0;0;0
DPOP;0;graphColoring_1548893834104;4;3;1;8;0;0.4;0.0;0.39285714285714285;0.0;0;27;73;19242;728;3;0;0
ADOPT;0;graphColoring_1548893834820;5;3;1;9;0;0.4;0.0;0.3888888888888889;0.0;0;34;837;51128;456;0;0;0
DPOP;0;graphColoring_1548893834820;5;3;1;9;0;0.4;0.0;0.3888888888888889;0.0;0;32;88;23562;728;3;0;0
ADOPT;0;graphColoring_1548893835578;6;3;1;10;0;0.4;0.0;0.4;0.0;0;34;2275;115662;456;0;infinity;infinity
DPOP;0;graphColoring_1548893835578;6;3;1;10;0;0.4;0.0;0.4;0.0;0;28;108;31456;1447;4;infinity;infinity
ADOPT;0;graphColoring_1548893836479;1;3;2;3;0;0.4;0.0;0.3333333333333333;0.0;0;22;14;2184;456;0;0;0
DPOP;0;graphColoring_1548893836479;1;3;2;3;0;0.4;0.0;0.3333333333333333;0.0;0;22;8;1897;417;1;0;0
ADOPT;0;graphColoring_1548893837034;2;3;2;4;0;0.4;0.0;0.3333333333333333;0.0;0;21;32;4474;456;0;0;0
DPOP;0;graphColoring_1548893837034;2;3;2;4;0;0.4;0.0;0.3333333333333333;0.0;0;20;16;3802;417;1;0;0
ADOPT;0;graphColoring_1548893837616;2;3;2;5;0;0.4;0.0;0.4;0.0;0;21;94;9720;456;0;0;0
DPOP;0;graphColoring_1548893837616;2;3;2;5;0;0.4;0.0;0.4;0.0;0;26;29;7158;473;2;0;0
ADOPT;0;graphColoring_1548893838280;3;3;1;6;0;0.4;0.0;0.4;0.0;0;27;153;15019;456;0;0;0
DPOP;0;graphColoring_1548893838280;3;3;1;6;0;0.4;0.0;0.4;0.0;0;25;45;10978;475;2;0;0
ADOPT;0;graphColoring_1548893838925;3;3;1;7;0;0.4;0.0;0.38095238095238093;0.0;0;30;289;23515;456;0;0;0
DPOP;0;graphColoring_1548893838925;3;3;1;7;0;0.4;0.0;0.38095238095238093;0.0;0;25;61;14614;678;3;0;0
ADOPT;0;graphColoring_1548893839594;4;3;2;8;0;0.4;0.0;0.39285714285714285;0.0;0;40;1146;63620;456;0;infinity;infinity
DPOP;0;graphColoring_1548893839594;4;3;2;8;0;0.4;0.0;0.39285714285714285;0.0;0;23;71;18354;676;3;infinity;infinity
ADOPT;0;graphColoring_1548893840337;5;3;1;9;0;0.4;0.0;0.3888888888888889;0.0;0;31;864;57095;456;0;0;0
DPOP;0;graphColoring_1548893840337;5;3;1;9;0;0.4;0.0;0.3888888888888889;0.0;0;28;88;25290;1401;4;0;0
ADOPT;0;graphColoring_1548893841156;6;3;2;10;0;0.4;0.0;0.4;0.0;0;28;2891;146507;456;0;infinity;infinity
DPOP;0;graphColoring_1548893841156;6;3;2;10;0;0.4;0.0;0.4;0.0;0;23;104;29031;1159;4;infinity;infinity
ADOPT;0;graphColoring_1548893842004;1;3;2;3;0;0.4;0.0;0.3333333333333333;0.0;0;20;14;2184;456;0;0;0
DPOP;0;graphColoring_1548893842004;1;3;2;3;0;0.4;0.0;0.3333333333333333;0.0;0;23;8;1899;417;1;0;0
ADOPT;0;graphColoring_1548893842571;2;3;2;4;0;0.4;0.0;0.3333333333333333;0.0;0;19;32;4474;456;0;0;0
DPOP;0;graphColoring_1548893842571;2;3;2;4;0;0.4;0.0;0.3333333333333333;0.0;0;20;16;3808;417;1;0;0
ADOPT;0;graphColoring_1548893843153;3;3;2;5;0;0.4;0.0;0.4;0.0;0;27;80;8991;456;0;0;0
DPOP;0;graphColoring_1548893843153;3;3;2;5;0;0.4;0.0;0.4;0.0;0;24;28;7010;475;2;0;0
ADOPT;0;graphColoring_1548893843833;3;3;1;6;0;0.4;0.0;0.4;0.0;0;21;165;15305;456;0;0;0
DPOP;0;graphColoring_1548893843833;3;3;1;6;0;0.4;0.0;0.4;0.0;0;26;44;10813;473;2;0;0
ADOPT;0;graphColoring_1548893844474;3;3;1;7;0;0.4;0.0;0.38095238095238093;0.0;0;23;321;23964;456;0;0;0
DPOP;0;graphColoring_1548893844474;3;3;1;7;0;0.4;0.0;0.38095238095238093;0.0;0;27;57;14180;475;2;0;0
ADOPT;0;graphColoring_1548893845151;4;3;1;8;0;0.4;0.0;0.39285714285714285;0.0;0;32;537;38035;456;0;0;0
DPOP;0;graphColoring_1548893845151;4;3;1;8;0;0.4;0.0;0.39285714285714285;0.0;0;29;72;19059;728;3;0;0
ADOPT;0;graphColoring_1548893845875;5;3;1;9;0;0.4;0.0;0.3888888888888889;0.0;0;25;989;58642;456;0;0;0
DPOP;0;graphColoring_1548893845875;5;3;1;9;0;0.4;0.0;0.3888888888888889;0.0;0;27;89;23607;680;3;0;0
ADOPT;0;graphColoring_1548893846650;6;3;1;10;0;0.4;0.0;0.4;0.0;0;38;3360;156435;456;0;infinity;infinity
DPOP;0;graphColoring_1548893846650;6;3;1;10;0;0.4;0.0;0.4;0.0;0;30;109;29783;1161;4;infinity;infinity
ADOPT;0;graphColoring_1548893847599;1;3;2;3;0;0.4;0.0;0.3333333333333333;0.0;0;25;14;2184;456;0;0;0
DPOP;0;graphColoring_1548893847599;1;3;2;3;0;0.4;0.0;0.3333333333333333;0.0;0;24;8;1901;417;1;0;0
ADOPT;0;graphColoring_1548893848180;2;3;2;4;0;0.4;0.0;0.3333333333333333;0.0;0;29;32;4474;456;0;0;0
DPOP;0;graphColoring_1548893848180;2;3;2;4;0;0.4;0.0;0.3333333333333333;0.0;0;20;16;3806;417;1;0;0
ADOPT;0;graphColoring_1548893848768;2;3;2;5;0;0.4;0.0;0.4;0.0;0;18;71;8790;456;0;0;0
DPOP;0;graphColoring_1548893848768;2;3;2;5;0;0.4;0.0;0.4;0.0;0;24;29;7043;471;2;0;0
ADOPT;0;graphColoring_1548893849434;3;3;1;6;0;0.4;0.0;0.4;0.0;0;22;173;15815;456;0;0;0
DPOP;0;graphColoring_1548893849434;3;3;1;6;0;0.4;0.0;0.4;0.0;0;25;44;10935;475;2;0;0
ADOPT;0;graphColoring_1548893850072;4;3;1;7;0;0.4;0.0;0.38095238095238093;0.0;0;29;278;22752;456;0;0;0
DPOP;0;graphColoring_1548893850072;4;3;1;7;0;0.4;0.0;0.38095238095238093;0.0;0;26;56;14141;475;2;0;0
ADOPT;0;graphColoring_1548893850744;5;3;1;8;0;0.4;0.0;0.39285714285714285;0.0;0;29;410;31055;456;0;0;0
DPOP;0;graphColoring_1548893850744;5;3;1;8;0;0.4;0.0;0.39285714285714285;0.0;0;29;72;18526;475;2;0;0
ADOPT;0;graphColoring_1548893851442;4;3;1;9;0;0.4;0.0;0.3888888888888889;0.0;0;39;780;51382;456;0;0;0
DPOP;0;graphColoring_1548893851442;4;3;1;9;0;0.4;0.0;0.3888888888888889;0.0;0;30;92;25843;1449;4;0;0
ADOPT;0;graphColoring_1548893852217;7;3;1;10;0;0.4;0.0;0.4;0.0;0;34;1805;95071;456;0;0;0
DPOP;0;graphColoring_1548893852217;7;3;1;10;0;0.4;0.0;0.4;0.0;0;29;108;29438;728;3;0;0
ADOPT;0;graphColoring_1548893853058;1;3;2;3;0;0.4;0.0;0.3333333333333333;0.0;0;28;14;2184;456;0;0;0
DPOP;0;graphColoring_1548893853058;1;3;2;3;0;0.4;0.0;0.3333333333333333;0.0;0;26;8;1901;417;1;0;0
ADOPT;0;graphColoring_1548893853622;2;3;2;4;0;0.4;0.0;0.3333333333333333;0.0;0;25;32;4474;456;0;0;0
DPOP;0;graphColoring_1548893853622;2;3;2;4;0;0.4;0.0;0.3333333333333333;0.0;0;22;16;3804;417;1;0;0
ADOPT;0;graphColoring_1548893854261;3;3;1;5;0;0.4;0.0;0.4;0.0;0;26;80;9466;456;0;0;0
DPOP;0;graphColoring_1548893854261;3;3;1;5;0;0.4;0.0;0.4;0.0;0;26;32;7615;417;1;0;0
ADOPT;0;graphColoring_1548893854871;4;3;2;6;0;0.4;0.0;0.4;0.0;0;28;139;13782;456;0;0;0
DPOP;0;graphColoring_1548893854871;4;3;2;6;0;0.4;0.0;0.4;0.0;0;24;40;10212;473;2;0;0
ADOPT;0;graphColoring_1548893855508;4;3;1;7;0;0.4;0.0;0.38095238095238093;0.0;0;24;253;21363;456;0;0;0
DPOP;0;graphColoring_1548893855508;4;3;1;7;0;0.4;0.0;0.38095238095238093;0.0;0;25;56;14141;475;2;0;0
ADOPT;0;graphColoring_1548893856195;5;3;1;8;0;0.4;0.0;0.39285714285714285;0.0;0;22;389;29725;456;0;0;0
DPOP;0;graphColoring_1548893856195;5;3;1;8;0;0.4;0.0;0.39285714285714285;0.0;0;26;72;18532;475;2;0;0
ADOPT;0;graphColoring_1548893856875;6;3;1;9;0;0.4;0.0;0.3888888888888889;0.0;0;28;1843;87635;456;0;infinity;infinity
DPOP;0;graphColoring_1548893856875;6;3;1;9;0;0.4;0.0;0.3888888888888889;0.0;0;28;88;23145;676;3;infinity;infinity
ADOPT;0;graphColoring_1548893857667;7;3;1;10;0;0.4;0.0;0.4;0.0;0;39;4340;235966;456;0;infinity;infinity
DPOP;0;graphColoring_1548893857667;7;3;1;10;0;0.4;0.0;0.4;0.0;0;27;108;31526;2372;5;infinity;infinity
ADOPT;0;graphColoring_1548893858662;1;3;2;3;0;0.4;0.0;0.3333333333333333;0.0;0;21;14;2184;456;0;0;0
DPOP;0;graphColoring_1548893858662;1;3;2;3;0;0.4;0.0;0.3333333333333333;0.0;0;24;8;1897;417;1;0;0
ADOPT;0;graphColoring_1548893859218;2;3;2;4;0;0.4;0.0;0.3333333333333333;0.0;0;25;32;4474;456;0;0;0
DPOP;0;graphColoring_1548893859218;2;3;2;4;0;0.4;0.0;0.3333333333333333;0.0;0;20;16;3808;417;1;0;0
ADOPT;0;graphColoring_1548893859811;2;3;1;5;0;0.4;0.0;0.4;0.0;0;31;89;9936;456;0;0;0
DPOP;0;graphColoring_1548893859811;2;3;1;5;0;0.4;0.0;0.4;0.0;0;24;33;7656;417;1;0;0
ADOPT;0;graphColoring_1548893860453;4;3;2;6;0;0.4;0.0;0.4;0.0;0;22;274;18843;456;0;0;0
DPOP;0;graphColoring_1548893860453;4;3;2;6;0;0.4;0.0;0.4;0.0;0;23;40;10210;475;2;0;0
ADOPT;0;graphColoring_1548893861109;4;3;1;7;0;0.4;0.0;0.38095238095238093;0.0;0;34;215;19947;456;0;0;0
DPOP;0;graphColoring_1548893861109;4;3;1;7;0;0.4;0.0;0.38095238095238093;0.0;0;24;56;14143;475;2;0;0
ADOPT;0;graphColoring_1548893861755;4;3;1;8;0;0.4;0.0;0.39285714285714285;0.0;0;29;421;32300;456;0;0;0
DPOP;0;graphColoring_1548893861755;4;3;1;8;0;0.4;0.0;0.39285714285714285;0.0;0;29;74;19017;726;3;0;0
ADOPT;0;graphColoring_1548893862461;5;3;1;9;0;0.4;0.0;0.3888888888888889;0.0;0;33;615;44101;456;0;0;0
DPOP;0;graphColoring_1548893862461;5;3;1;9;0;0.4;0.0;0.3888888888888889;0.0;0;27;88;23696;678;3;0;0
ADOPT;0;graphColoring_1548893863189;5;3;1;10;0;0.4;0.0;0.4;0.0;0;28;1571;91389;456;0;infinity;infinity
DPOP;0;graphColoring_1548893863189;5;3;1;10;0;0.4;0.0;0.4;0.0;0;28;108;30757;1353;4;infinity;infinity
ADOPT;0;graphColoring_1548893864067;1;3;2;3;0;0.4;0.0;0.3333333333333333;0.0;0;29;14;2184;456;0;0;0
DPOP;0;graphColoring_1548893864067;1;3;2;3;0;0.4;0.0;0.3333333333333333;0.0;0;26;8;1901;417;1;0;0
ADOPT;0;graphColoring_1548893864631;1;3;2;4;0;0.4;0.0;0.3333333333333333;0.0;0;17;28;4368;456;0;0;0
DPOP;0;graphColoring_1548893864631;1;3;2;4;0;0.4;0.0;0.3333333333333333;0.0;0;17;16;3802;417;1;0;0
ADOPT;0;graphColoring_1548893865230;3;3;2;5;0;0.4;0.0;0.4;0.0;0;22;80;8991;456;0;0;0
DPOP;0;graphColoring_1548893865230;3;3;2;5;0;0.4;0.0;0.4;0.0;0;22;28;7008;473;2;0;0
ADOPT;0;graphColoring_1548893865995;3;3;1;6;0;0.4;0.0;0.4;0.0;0;31;236;17782;456;0;0;0
DPOP;0;graphColoring_1548893865995;3;3;1;6;0;0.4;0.0;0.4;0.0;0;26;44;10816;473;2;0;0
ADOPT;0;graphColoring_1548893866652;4;3;1;7;0;0.4;0.0;0.38095238095238093;0.0;0;31;265;21690;456;0;0;0
DPOP;0;graphColoring_1548893866652;4;3;1;7;0;0.4;0.0;0.38095238095238093;0.0;0;31;56;14020;475;2;0;0
ADOPT;0;graphColoring_1548893867391;5;3;2;8;0;0.4;0.0;0.39285714285714285;0.0;0;31;431;31277;456;0;0;0
DPOP;0;graphColoring_1548893867391;5;3;2;8;0;0.4;0.0;0.39285714285714285;0.0;0;25;68;18133;680;3;0;0
ADOPT;0;graphColoring_1548893868204;4;3;1;9;0;0.4;0.0;0.3888888888888889;0.0;0;32;739;50481;456;0;0;0
DPOP;0;graphColoring_1548893868204;4;3;1;9;0;0.4;0.0;0.3888888888888889;0.0;0;31;93;24641;728;3;0;0
ADOPT;0;graphColoring_1548893868948;5;3;1;10;0;0.4;0.0;0.4;0.0;0;33;3165;159845;456;0;infinity;infinity
DPOP;0;graphColoring_1548893868948;5;3;1;10;0;0.4;0.0;0.4;0.0;0;26;113;31112;1305;4;infinity;infinity
ADOPT;0;graphColoring_1548893869841;1;3;2;3;0;0.4;0.0;0.3333333333333333;0.0;0;20;14;2184;456;0;0;0
DPOP;0;graphColoring_1548893869841;1;3;2;3;0;0.4;0.0;0.3333333333333333;0.0;0;19;8;1899;417;1;0;0
ADOPT;0;graphColoring_1548893870487;2;3;2;4;0;0.4;0.0;0.3333333333333333;0.0;0;19;32;4474;456;0;0;0
DPOP;0;graphColoring_1548893870487;2;3;2;4;0;0.4;0.0;0.3333333333333333;0.0;0;23;16;3808;417;1;0;0
ADOPT;0;graphColoring_1548893871129;2;3;2;5;0;0.4;0.0;0.4;0.0;0;16;71;8790;456;0;0;0
DPOP;0;graphColoring_1548893871129;2;3;2;5;0;0.4;0.0;0.4;0.0;0;19;29;7045;473;2;0;0
ADOPT;0;graphColoring_1548893871823;3;3;2;6;0;0.4;0.0;0.4;0.0;0;34;144;14315;456;0;0;0
DPOP;0;graphColoring_1548893871823;3;3;2;6;0;0.4;0.0;0.4;0.0;0;23;40;10321;475;2;0;0
ADOPT;0;graphColoring_1548893872550;3;3;1;7;0;0.4;0.0;0.38095238095238093;0.0;0;29;234;20831;456;0;0;0
DPOP;0;graphColoring_1548893872550;3;3;1;7;0;0.4;0.0;0.38095238095238093;0.0;0;27;62;14436;475;2;0;0
ADOPT;0;graphColoring_1548893873230;4;3;1;8;0;0.4;0.0;0.39285714285714285;0.0;0;32;539;36887;456;0;0;0
DPOP;0;graphColoring_1548893873230;4;3;1;8;0;0.4;0.0;0.39285714285714285;0.0;0;29;73;18953;728;3;0;0
ADOPT;0;graphColoring_1548893873967;7;3;1;9;0;0.4;0.0;0.3888888888888889;0.0;0;26;519;40643;456;0;0;0
DPOP;0;graphColoring_1548893873967;7;3;1;9;0;0.4;0.0;0.3888888888888889;0.0;0;28;88;23696;680;3;0;0
ADOPT;1;graphColoring_1548893874708;5;3;1;10;0;0.4;0.0;0.4;0.0;9223372036854775807;9223372036854775807;2147483647;9223372036854775807;9223372036854775807;2147483647;NaN;NaN
DPOP;0;graphColoring_1548893874708;5;3;1;10;0;0.4;0.0;0.4;0.0;0;28;108;31095;1353;4;infinity;infinity
ADOPT;0;graphColoring_1548894579356;1;3;2;3;0;0.4;0.0;0.3333333333333333;0.0;0;21;14;2184;456;0;0;0
DPOP;0;graphColoring_1548894579356;1;3;2;3;0;0.4;0.0;0.3333333333333333;0.0;0;23;8;1897;417;1;0;0
ADOPT;0;graphColoring_1548894579941;2;3;2;4;0;0.4;0.0;0.3333333333333333;0.0;0;25;32;4474;456;0;0;0
DPOP;0;graphColoring_1548894579941;2;3;2;4;0;0.4;0.0;0.3333333333333333;0.0;0;22;16;3808;417;1;0;0
ADOPT;0;graphColoring_1548894580534;3;3;2;5;0;0.4;0.0;0.4;0.0;0;27;80;9080;456;0;0;0
DPOP;0;graphColoring_1548894580534;3;3;2;5;0;0.4;0.0;0.4;0.0;0;23;28;7008;473;2;0;0
ADOPT;0;graphColoring_1548894581175;3;3;1;6;0;0.4;0.0;0.4;0.0;0;21;163;15328;456;0;0;0
DPOP;0;graphColoring_1548894581175;3;3;1;6;0;0.4;0.0;0.4;0.0;0;27;44;10818;473;2;0;0
ADOPT;0;graphColoring_1548894581870;4;3;1;7;0;0.4;0.0;0.38095238095238093;0.0;0;31;249;20864;456;0;0;0
DPOP;0;graphColoring_1548894581870;4;3;1;7;0;0.4;0.0;0.38095238095238093;0.0;0;25;56;14014;475;2;0;0
ADOPT;0;graphColoring_1548894582542;5;3;1;8;0;0.4;0.0;0.39285714285714285;0.0;0;33;433;33551;456;0;0;0
DPOP;0;graphColoring_1548894582542;5;3;1;8;0;0.4;0.0;0.39285714285714285;0.0;0;30;73;19233;728;3;0;0
ADOPT;0;graphColoring_1548894583306;4;3;1;9;0;0.4;0.0;0.3888888888888889;0.0;-1;0;0;0;0;0;0;infinity
DPOP;0;graphColoring_1548894583306;4;3;1;9;0;0.4;0.0;0.3888888888888889;0.0;0;29;89;25683;1449;4;0;0
ADOPT;0;graphColoring_1548894584140;6;3;1;10;0;0.4;0.0;0.4;0.0;0;33;1245;78603;456;0;0;0
DPOP;0;graphColoring_1548894584140;6;3;1;10;0;0.4;0.0;0.4;0.0;0;26;108;31540;1305;4;0;0
ADOPT;0;graphColoring_1548894584939;1;3;2;3;0;0.4;0.0;0.3333333333333333;0.0;0;21;14;2184;456;0;0;0
DPOP;0;graphColoring_1548894584939;1;3;2;3;0;0.4;0.0;0.3333333333333333;0.0;0;20;8;1897;417;1;0;0
ADOPT;0;graphColoring_1548894585491;2;3;2;4;0;0.4;0.0;0.3333333333333333;0.0;0;28;32;4474;456;0;0;0
DPOP;0;graphColoring_1548894585491;2;3;2;4;0;0.4;0.0;0.3333333333333333;0.0;0;24;16;3806;417;1;0;0
ADOPT;0;graphColoring_1548894586070;2;3;2;5;0;0.4;0.0;0.4;0.0;0;28;107;10297;456;0;0;0
DPOP;0;graphColoring_1548894586070;2;3;2;5;0;0.4;0.0;0.4;0.0;0;24;29;7162;475;2;0;0
ADOPT;0;graphColoring_1548894586695;3;3;3;6;0;0.4;0.0;0.4;0.0;0;25;338;22512;456;0;infinity;infinity
DPOP;0;graphColoring_1548894586695;3;3;3;6;0;0.4;0.0;0.4;0.0;0;23;41;9990;678;3;infinity;infinity
ADOPT;0;graphColoring_1548894587376;3;3;1;7;0;0.4;0.0;0.38095238095238093;0.0;0;22;260;21757;456;0;0;0
DPOP;0;graphColoring_1548894587376;3;3;1;7;0;0.4;0.0;0.38095238095238093;0.0;0;27;58;14345;475;2;0;0
ADOPT;0;graphColoring_1548894588037;4;3;1;8;0;0.4;0.0;0.39285714285714285;0.0;0;39;614;39489;456;0;0;0
DPOP;0;graphColoring_1548894588037;4;3;1;8;0;0.4;0.0;0.39285714285714285;0.0;0;26;73;18672;475;2;0;0
ADOPT;0;graphColoring_1548894588758;5;3;1;9;0;0.4;0.0;0.3888888888888889;0.0;0;31;913;56626;456;0;0;0
DPOP;0;graphColoring_1548894588758;5;3;1;9;0;0.4;0.0;0.3888888888888889;0.0;0;29;88;23839;728;3;0;0
ADOPT;0;graphColoring_1548894589571;5;3;1;10;0;0.4;0.0;0.4;0.0;-1;0;0;0;0;0;0;infinity
DPOP;0;graphColoring_1548894589571;5;3;1;10;0;0.4;0.0;0.4;0.0;0;27;109;30442;1351;4;0;0
ADOPT;0;graphColoring_1548894590396;1;3;2;3;0;0.4;0.0;0.3333333333333333;0.0;0;29;14;2184;456;0;0;0
DPOP;0;graphColoring_1548894590396;1;3;2;3;0;0.4;0.0;0.3333333333333333;0.0;0;23;8;1901;417;1;0;0
ADOPT;0;graphColoring_1548894590963;2;3;2;4;0;0.4;0.0;0.3333333333333333;0.0;0;21;32;4474;456;0;0;0
DPOP;0;graphColoring_1548894590963;2;3;2;4;0;0.4;0.0;0.3333333333333333;0.0;0;20;16;3806;417;1;0;0
ADOPT;0;graphColoring_1548894591580;3;3;2;5;0;0.4;0.0;0.4;0.0;0;28;80;8991;456;0;0;0
DPOP;0;graphColoring_1548894591580;3;3;2;5;0;0.4;0.0;0.4;0.0;0;23;28;7010;473;2;0;0
ADOPT;0;graphColoring_1548894592188;4;3;1;6;0;0.4;0.0;0.4;0.0;0;21;134;14174;456;0;0;0
DPOP;0;graphColoring_1548894592188;4;3;1;6;0;0.4;0.0;0.4;0.0;0;27;44;10819;473;2;0;0
ADOPT;0;graphColoring_1548894592848;4;3;2;7;0;0.4;0.0;0.38095238095238093;0.0;0;27;230;19995;456;0;0;0
DPOP;0;graphColoring_1548894592848;4;3;2;7;0;0.4;0.0;0.38095238095238093;0.0;0;23;52;13419;475;2;0;0
ADOPT;0;graphColoring_1548894593528;4;3;2;8;0;0.4;0.0;0.39285714285714285;0.0;0;30;455;34238;456;0;0;0
DPOP;0;graphColoring_1548894593528;4;3;2;8;0;0.4;0.0;0.39285714285714285;0.0;0;23;68;18581;680;3;0;0
ADOPT;0;graphColoring_1548894594284;5;3;1;9;0;0.4;0.0;0.3888888888888889;0.0;0;25;1821;91432;456;0;infinity;infinity
DPOP;0;graphColoring_1548894594284;5;3;1;9;0;0.4;0.0;0.3888888888888889;0.0;0;29;88;23502;680;3;infinity;infinity
ADOPT;0;graphColoring_1548894595062;5;3;1;10;0;0.4;0.0;0.4;0.0;0;47;6553;314242;456;0;infinity;infinity
DPOP;0;graphColoring_1548894595062;5;3;1;10;0;0.4;0.0;0.4;0.0;0;29;109;31266;1399;4;infinity;infinity
ADOPT;0;graphColoring_1548894596092;1;3;2;3;0;0.4;0.0;0.3333333333333333;0.0;0;21;14;2184;456;0;0;0
DPOP;0;graphColoring_1548894596092;1;3;2;3;0;0.4;0.0;0.3333333333333333;0.0;0;21;8;1899;417;1;0;0
ADOPT;0;graphColoring_1548894596706;2;3;2;4;0;0.4;0.0;0.3333333333333333;0.0;0;21;32;4474;456;0;0;0
DPOP;0;graphColoring_1548894596706;2;3;2;4;0;0.4;0.0;0.3333333333333333;0.0;0;22;16;3806;417;1;0;0
ADOPT;0;graphColoring_1548894597313;3;3;1;5;0;0.4;0.0;0.4;0.0;0;26;80;9466;456;0;0;0
DPOP;0;graphColoring_1548894597313;3;3;1;5;0;0.4;0.0;0.4;0.0;0;25;32;7619;417;1;0;0
ADOPT;0;graphColoring_1548894597934;3;3;1;6;0;0.4;0.0;0.4;0.0;0;22;141;14594;456;0;0;0
DPOP;0;graphColoring_1548894597934;3;3;1;6;0;0.4;0.0;0.4;0.0;0;26;44;10924;473;2;0;0
ADOPT;0;graphColoring_1548894598574;4;3;1;7;0;0.4;0.0;0.38095238095238093;0.0;0;28;303;23077;456;0;0;0
DPOP;0;graphColoring_1548894598574;4;3;1;7;0;0.4;0.0;0.38095238095238093;0.0;0;29;57;14189;475;2;0;0
ADOPT;0;graphColoring_1548894599310;4;3;1;8;0;0.4;0.0;0.39285714285714285;0.0;0;22;526;35494;456;0;0;0
DPOP;0;graphColoring_1548894599310;4;3;1;8;0;0.4;0.0;0.39285714285714285;0.0;0;30;72;18740;678;3;0;0
ADOPT;0;graphColoring_1548894600010;5;3;1;9;0;0.4;0.0;0.3888888888888889;0.0;0;32;3430;159270;456;0;infinity;infinity
DPOP;0;graphColoring_1548894600010;5;3;1;9;0;0.4;0.0;0.3888888888888889;0.0;0;26;89;23822;1159;4;infinity;infinity
ADOPT;0;graphColoring_1548894600846;6;3;2;10;0;0.4;0.0;0.4;0.0;0;38;4912;216308;456;0;infinity;infinity
DPOP;0;graphColoring_1548894600846;6;3;2;10;0;0.4;0.0;0.4;0.0;0;25;105;29225;1161;4;infinity;infinity
ADOPT;0;graphColoring_1548894601838;1;3;2;3;0;0.4;0.0;0.3333333333333333;0.0;0;21;14;2184;456;0;0;0
DPOP;0;graphColoring_1548894601838;1;3;2;3;0;0.4;0.0;0.3333333333333333;0.0;0;23;8;1899;417;1;0;0
ADOPT;0;graphColoring_1548894602392;2;3;2;4;0;0.4;0.0;0.3333333333333333;0.0;0;25;32;4474;456;0;0;0
DPOP;0;graphColoring_1548894602392;2;3;2;4;0;0.4;0.0;0.3333333333333333;0.0;0;20;16;3806;417;1;0;0
ADOPT;0;graphColoring_1548894603015;3;3;2;5;0;0.4;0.0;0.4;0.0;0;27;80;8991;456;0;0;0
DPOP;0;graphColoring_1548894603015;3;3;2;5;0;0.4;0.0;0.4;0.0;0;23;28;7008;473;2;0;0
ADOPT;0;graphColoring_1548894603615;3;3;1;6;0;0.4;0.0;0.4;0.0;0;28;211;17026;456;0;0;0
DPOP;0;graphColoring_1548894603615;3;3;1;6;0;0.4;0.0;0.4;0.0;0;26;45;10874;475;2;0;0
ADOPT;0;graphColoring_1548894604243;4;3;1;7;0;0.4;0.0;0.38095238095238093;0.0;0;30;210;19809;456;0;0;0
DPOP;0;graphColoring_1548894604243;4;3;1;7;0;0.4;0.0;0.38095238095238093;0.0;0;26;57;14191;475;2;0;0
ADOPT;0;graphColoring_1548894604981;5;3;2;8;0;0.4;0.0;0.39285714285714285;0.0;0;28;1213;61040;456;0;infinity;infinity
DPOP;0;graphColoring_1548894604981;5;3;2;8;0;0.4;0.0;0.39285714285714285;0.0;0;28;68;18023;678;3;infinity;infinity
ADOPT;0;graphColoring_1548894605714;5;3;1;9;0;0.4;0.0;0.3888888888888889;0.0;0;33;747;49512;456;0;0;0
DPOP;0;graphColoring_1548894605714;5;3;1;9;0;0.4;0.0;0.3888888888888889;0.0;0;29;89;23802;728;3;0;0
ADOPT;0;graphColoring_1548894606448;6;3;1;10;0;0.4;0.0;0.4;0.0;0;27;2017;102318;456;0;infinity;infinity
DPOP;0;graphColoring_1548894606448;6;3;1;10;0;0.4;0.0;0.4;0.0;0;29;108;29170;678;3;infinity;infinity
ADOPT;0;graphColoring_1548897756862;1;3;2;3;0;0.4;0.0;0.3333333333333333;0.0;0;26;14;2184;456;0;0;0
DPOP;0;graphColoring_1548897756862;1;3;2;3;0;0.4;0.0;0.3333333333333333;0.0;0;26;8;1901;417;1;0;0
ADOPT;0;graphColoring_1548897757411;1;3;2;4;0;0.4;0.0;0.3333333333333333;0.0;0;19;28;4368;456;0;0;0
DPOP;0;graphColoring_1548897757411;1;3;2;4;0;0.4;0.0;0.3333333333333333;0.0;0;16;16;3802;417;1;0;0
ADOPT;0;graphColoring_1548897757990;2;3;1;5;0;0.4;0.0;0.4;0.0;0;25;94;10137;456;0;0;0
DPOP;0;graphColoring_1548897757990;2;3;1;5;0;0.4;0.0;0.4;0.0;0;28;36;7814;417;1;0;0
ADOPT;0;graphColoring_1548903382123;1;3;2;3;0;0.4;0.0;0.3333333333333333;0.0;0;168;14;2184;456;0;0;0
DPOP;0;graphColoring_1548903382123;1;3;2;3;0;0.4;0.0;0.3333333333333333;0.0;0;25;8;1901;417;1;0;0
ADOPT;0;graphColoring_1548903384132;2;3;2;4;0;0.4;0.0;0.3333333333333333;0.0;0;30;32;4474;456;0;0;0
DPOP;0;graphColoring_1548903384132;2;3;2;4;0;0.4;0.0;0.3333333333333333;0.0;0;21;16;3806;417;1;0;0
ADOPT;0;graphColoring_1548903384714;2;3;1;5;0;0.4;0.0;0.4;0.0;0;24;100;10358;456;0;0;0
DPOP;0;graphColoring_1548903384714;2;3;1;5;0;0.4;0.0;0.4;0.0;0;25;36;7806;417;1;0;0
ADOPT;0;graphColoring_1548903385442;3;3;2;6;0;0.4;0.0;0.4;0.0;0;24;142;14197;456;0;0;0
DPOP;0;graphColoring_1548903385442;3;3;2;6;0;0.4;0.0;0.4;0.0;0;26;40;10321;475;2;0;0
